<?xml version="1.0" encoding="UTF-8" ?>
<RelativeTemporalAnnotation>
<TEXT><![CDATA[
Admission Date :
09/29/1993
Discharge Date :
10/04/1993
HISTORY OF PRESENT ILLNESS :
The patient is a 28-year-old woman who is HIV positive for two years .
She presented with left upper quadrant pain as well as nausea and vomiting which is a long-standing complaint .
She was diagnosed in 1991 during the birth of her child .
She claims she does not know why she is HIV positive .
She is from Maryland , apparently had no blood transfusions before the birth of her children so it is presumed heterosexual transmission .
At that time , she also had cat scratch fever and she had resection of an abscess in the left lower extremity .
She has not used any anti retroviral therapy since then , because of pancytopenia and vomiting on DDI .
She has complaints of nausea and vomiting as well as left upper quadrant pain on and off getting progressively worse over the past month .
She has had similar pain intermittently for last year .
She described the pain as a burning pain which is positional , worse when she walks or does any type of exercise .
She has no relief from antacids or H2 blockers .
In 10/92 , she had a CT scan which showed fatty infiltration of her liver diffusely with a 1 cm cyst in the right lobe of the liver .
She had a normal pancreas at that time , however , hyperdense kidneys .
Her alkaline phosphatase was slightly elevated but otherwise relatively normal .
Her amylase was mildly elevated but has been down since then .
The patient has had progressive failure to thrive and steady weight loss .
She was brought in for an esophagogastroduodenoscopy on 9/26 but she basically was not sufficiently sedated and readmitted at this time for a GI work-up as well as an evaluation of new abscess in her left lower calf and right medial lower extremity quadriceps muscle .
She was also admitted to be connected up with social services for HIV patients .
HOSPITAL COURSE :
The patient was admitted and many cultures were sent which were all negative .
She did not have any of her pain in the hospital .
On the third hospital day , she did have some pain and was treated with Percocet .
She went for a debridement of her left calf lesion on 10/2/93 and was started empirically on IV ceftriaxone which was changed to po doxycycline on the day of discharge .
A follow-up CT scan was done which did not show any evidence for splenomegaly or hepatomegaly .
The 1 cm cyst which was seen in 10/92 was still present .
There was a question of a cyst in her kidney with a stone right below the cyst , although this did not seem to be clinically significant .
]]></TEXT>
<TAGS>
<RTIMEX3 id="T8" start="1259" end="1268" text="that time" type="DATE" relative="TRUE" val="1992-10" mod="NA" />
<RTIMEX3 id="T10" start="1647" end="1656" text="this time" type="DATE" relative="TRUE" val="1993-09-29" mod="NA" />
<RTIMEX3 id="T11" start="2022" end="2044" text="the third hospital day" type="DATE" relative="TRUE" val="1993-10-01" mod="NA" />
<RTIMEX3 id="T13" start="2249" end="2271" text="the day of discharge ." type="DATE" relative="TRUE" val="1993-10-04" mod="NA" />
<RTIMEX3 id="T4" start="524" end="533" text="that time" type="DATE" relative="TRUE" val="1991" mod="NA" />
<ATIMEX3 id="T7" start="1099" end="1104" text="10/92" type="DATE" val="1992-10" mod="NA" />
<ATIMEX3 id="T9" start="1577" end="1581" text="9/26" type="DATE" val="1993-09-26" mod="NA" />
<ATIMEX3 id="T0" start="18" end="28" text="09/29/1993" type="DATE" val="1993-09-29" mod="NA" />
<ATIMEX3 id="T12" start="2156" end="2163" text="10/2/93" type="DATE" val="1993-10-02" mod="NA" />
<ATIMEX3 id="T14" start="2400" end="2405" text="10/92" type="DATE" val="1992-10" mod="NA" />
<ATIMEX3 id="T3" start="290" end="294" text="1991" type="DATE" val="1991" mod="NA" />
<ATIMEX3 id="T1" start="46" end="56" text="10/04/1993" type="DATE" val="1993-10-04" mod="NA" />
<SECTIME id="S0" start="18" end="28" text="09/29/1993" type="ADMISSION" dvalue="1993-09-29" />
<SECTIME id="S1" start="46" end="56" text="10/04/1993" type="DISCHARGE" dvalue="1993-10-04" />
<ANCHORLINK id="AN0" fromID="T4" fromText="that time" toID="T3" toText="1991" relation="EQUAL" />
<ANCHORLINK id="AN1" fromID="T8" fromText="that time" toID="T7" toText="10/92" relation="EQUAL" />
<ANCHORLINK id="AN2" fromID="T10" fromText="this time" toID="S0" toText="09/29/1993" relation="EQUAL" />
<ANCHORLINK id="AN3" fromID="T11" fromText="the third hospital day" toID="S0" toText="09/29/1993" relation="AFTER" />
<ANCHORLINK id="AN4" fromID="T13" fromText="the day of discharge ." toID="S1" toText="10/04/1993" relation="EQUAL" />
</TAGS>
</RelativeTemporalAnnotation>