<?xml version="1.0" encoding="UTF-8" ?>
<RelativeTemporalAnnotation>
<TEXT><![CDATA[
ADMISSION DATE :
05/09/2004
DISCHARGE DATE :
05/16/2004
HISTORY OF PRESENT ILLNESS :
The patient is an 84-year-old woman with a history of diverticulitis who was found to have colon cancer on colonoscopy , which was performed in March of 2004 .
An invasive moderately differentiated adenocarcinoma was noted in the transverse colon at 80 cm .
The patient reports a history of bloating and flatulence as well as increased fatigue .
She has also had some discomfort in her left lower abdomen and notes diarrhea every 4-5 days .
She says that her appetite is good and has noted no weight loss .
HOSPITAL COURSE :
The patient was consented for surgery and on the day of admission was taken to the operating room for transverse colectomy for tumor .
The patient tolerated the procedure well and there are no complications .
Her postoperative course was unremarkable .
She was maintained on an epidural and PCA for pain control .
She was kept NPO initially and her diet was slowly advanced as tolerated .
When she was taking clear liquids , her pain medication was switched to p.o. pain regimen with good affect .
For blood pressure control she was maintained on metoprolol at the request of her primary care physician and enalapril was discontinued .
With the help of physical therapy the patient was ambulated and on postoperative seven , with the patient tolerating a post surgical soft diet and with pain well controlled on oral pain medications , she was discharged to rehabilitation facility .
]]></TEXT>
<TAGS>
<RTIMEX3 id="T5" start="1314" end="1333" text="postoperative seven" type="DATE" relative="TRUE" val="2004-05-16" mod="NA" />
<RTIMEX3 id="T2" start="230" end="243" text="March of 2004" type="DATE" relative="FALSE" val="2004-03" mod="NA" />
<RTIMEX3 id="T4" start="656" end="663" text="the day" type="DATE" relative="TRUE" val="2004-05-09" mod="NA" />
<ATIMEX3 id="T0" start="18" end="28" text="05/09/2004" type="DATE" val="2004-05-09" mod="NA" />
<ATIMEX3 id="T1" start="46" end="56" text="05/16/2004" type="DATE" val="2004-05-16" mod="NA" />
<SECTIME id="S0" start="18" end="28" text="05/09/2004" type="ADMISSION" dvalue="2004-05-09" />
<SECTIME id="S1" start="46" end="56" text="05/16/2004" type="DISCHARGE" dvalue="2004-05-16" />
<ANCHORLINK id="AN0" fromID="T4" fromText="the day" toID="S0" toText="05/09/2004" relation="EQUAL" />
<ANCHORLINK id="AN1" fromID="T5" fromText="postoperative seven" toID="S0" toText="05/09/2004" relation="AFTER" />
</TAGS>
</RelativeTemporalAnnotation>