<?xml version="1.0" encoding="UTF-8" ?>
<RelativeTemporalAnnotation>
<TEXT><![CDATA[
Admission Date :
2013-11-21
Discharge Date :
2013-11-26
Service :
PLASTIC
History of Present Illness :
MS. Marshall IS A 64-YEAR OLD , MENTALLY RETARDED , FEMALE WHO PRESENTED WITH AN AQUIRED DEFECT OF THE RIGHT NASAL ALA AND MEDIAL CHEEK REGION AFTER BASAL CELL CARCINOMA WAS RESECTED BY DERMATOLOGY .
Brief Hospital Course :
UPON ADMISSION , THE PATIENT WAS PRE-OP 'D AND MADE NPO / IVF .
SHE WENT TO SURGERY THE NEXT MORNING AND TOLERATED THE SURGERY WELL .
HOWEVER , SHE WAS SLOW TO AWAKE FROM ANESTHESIA , AND WAS ADMITTED TO THE CMED CCU OBSERVATION .
SHE WAS TRANSFERED TO THE FLOOR POST-OP DAY 2 WHERE SHE HAD BEEN AFEBRILE WITH NORMAL VITALS , MAKING GOOD URINE , AND TOLERATING A REGULAR DIET .
HER WOUND HAS REMAIND DRY AND CLOSED , WITHOUT EVIDENCE OF INFECTION OR BREAKDOWN .
SHE HAS BEEN WATCHED BY A SITTER AT ALL TIMES .
]]></TEXT>
<TAGS>
<RTIMEX3 id="T2" start="412" end="428" text="THE NEXT MORNING" type="DATE" relative="TRUE" val="2013-11-22" mod="START" />
<RTIMEX3 id="T4" start="591" end="604" text="POST-OP DAY 2" type="DATE" relative="TRUE" val="2013-11-24" mod="NA" />
<ATIMEX3 id="T0" start="18" end="28" text="2013-11-21" type="DATE" val="2013-11-21" mod="NA" />
<ATIMEX3 id="T1" start="46" end="56" text="2013-11-26" type="DATE" val="2013-11-26" mod="NA" />
<SECTIME id="S0" start="18" end="28" text="2013-11-21" type="ADMISSION" dvalue="2013-11-21" />
<SECTIME id="S1" start="46" end="56" text="2013-11-26" type="DISCHARGE" dvalue="2013-11-26" />
<ANCHORLINK id="AN0" fromID="T2" fromText="THE NEXT MORNING" toID="S0" toText="2013-11-21" relation="AFTER" />
<ANCHORLINK id="AN1" fromID="T4" fromText="POST-OP DAY 2" toID="T2" toText="THE NEXT MORNING" relation="AFTER" />
</TAGS>
</RelativeTemporalAnnotation>