<?xml version="1.0" encoding="UTF-8" ?>
<RelativeTemporalAnnotation>
<TEXT><![CDATA[
Admission Date :
2011-01-19
Discharge Date :
2011-01-25
Service :
MEDICINE
HISTORY OF PRESENT ILLNESS :
Mr. Eugene is a 67 year old male with a remote history of chronic pancreatitis due to alcohol abuse 30 years ago , who is transferred now from Rehab Hospital of the Cape & Islands Hospital for an ERCP and work-up for a cystic lesion at the head of his pancreas on CT scan shown at the outside hospital .
The patient presented initially to Rehab Hospital of the Cape & Islands Hospital at the end of December for abdominal pain , and was found to have pancreatitis .
During this admission , two CT scans had shown a question of an enlargement of the head of his pancreas
versus early pseudocyst .
The patient was discharged home early from this admission due to family needs .
While at home , the patient did not do well and could tolerate minimal food intake and lost about 20 pounds in one month .
On an office visit on 01-14 , the patient was found to have significantly elevated alkaline phosphatase .
That evening , the patient again developed abdominal pain " like his pancreatitis " with nausea and vomiting , for which he was admitted to the Rehab Hospital of the Cape & Islands Hospital .
In the Emergency Department at the Rehab Hospital of the Cape & Islands Hospital , the patient was noted to have vomited some heme positive material .
His complete blood count showed 11% bandemia with a total white count of 10 .
A HIDA scan showed no flow , question of pancreatitis versus common bile duct obstruction .
His electrocardiogram showed a normal sinus rhythm .
A chest x-ray was unremarkable .
During his admission to Rehab Hospital of the Cape & Islands Hospital , the patient had dropped his hematocrit to the 30 s with recorded melena .
He received an MRCP which was negative for evidence of stones .
An ultrasound showed normal gallbladder with no wall thickening but a dilated common bile duct of 8 mm measured on CT scan .
The patient had an attempted ERCP on 01-18 , which was unsuccessful due to a long nipple like papilla .
He was therefore transferred to Saints Medical Center for endoscopic retrogram cholangiopancreatography .
The patient 's blood cultures at outside hospital grew out Streptococcus sanguis-gordonii on 01-18 .
This was sensitive to Clindamycin , Erythromycin , penicillin S and Vancomycin .
Prior to this result , the patient had already been on Ampicillin , Sulbactam and Gentamycin .
It appears from the Discharge summary that the patient was placed on Unasyn 3 grams intravenously every six hours after his ERCP .
]]></TEXT>
<TAGS>
<RTIMEX3 id="T6" start="1010" end="1022" text="That evening" type="DATE" relative="TRUE" val="2011-01-14" mod="END" />
<RTIMEX3 id="T4" start="493" end="512" text="the end of December" type="DATE" relative="FALSE" val="2010-12" mod="END" />
<ATIMEX3 id="T1" start="18" end="28" text="2011-01-19" type="DATE" val="2011-01-19" mod="NA" />
<ATIMEX3 id="T7" start="1981" end="1986" text="01-18" type="DATE" val="2011-01-18" mod="NA" />
<ATIMEX3 id="T3" start="205" end="217" text="30 years ago" type="DATE" val="1981" mod="APPROX" />
<ATIMEX3 id="T8" start="2247" end="2252" text="01-18" type="DATE" val="2011-01-18" mod="NA" />
<ATIMEX3 id="T2" start="46" end="56" text="2011-01-25" type="DATE" val="2011-01-25" mod="NA" />
<ATIMEX3 id="T5" start="926" end="931" text="01-14" type="DATE" val="2011-01-14" mod="NA" />
<SECTIME id="S0" start="18" end="28" text="2011-01-19" type="ADMISSION" dvalue="2011-01-19" />
<SECTIME id="S1" start="46" end="56" text="2011-01-25" type="DISCHARGE" dvalue="2011-01-25" />
<ANCHORLINK id="AN0" fromID="T6" fromText="That evening" toID="T5" toText="01-14" relation="EQUAL" />
</TAGS>
</RelativeTemporalAnnotation>