<?xml version="1.0" encoding="UTF-8" ?>
<RelativeTemporalAnnotation>
<TEXT><![CDATA[
Admission Date :
09/20/2000
Discharge Date :
09/22/2000
HISTORY OF PRESENT ILLNESS :
This is a 48-year-old G 3 P 3 who presented to Dr. Fuscmadril &apos;s clinic after having an abnormal pap smear followed by an endometrial biopsy that was suggestive of grade 1 endometrial cancer .
This is a patient who , over the past year , has had no menses and thought she had become menopausal .
She then began spotting for several months with some constant brown discharge .
A pap smear that was obtained by her primary care physician showed an endometrial cell and thus she was referred to a gynecologist for an endometrial biopsy .
The endometrial biopsy showed grade 1 endometrial cancer .
A decision was made to proceed with surgical management for this finding .
HOSPITAL COURSE :
The patient was admitted on the day of her surgery which was 09/20/00 .
She underwent a TAH-BSO which was uncomplicated .
Details of the procedure can be found in the operative dictation .
In short , frozen pathology from the uterus showed that there was a grade 1 cancer with no invasion of the myometrium .
There was no nodal dissection done at that time .
The patient tolerated the procedure extremely well and did well during her postoperative course .
By postoperative day #2 she was eating , ambulating and voiding on her own .
She decided to now be discharged home at this time .
She was discharged home with the following medications :
]]></TEXT>
<TAGS>
<RTIMEX3 id="T7" start="1125" end="1134" text="that time" type="DATE" relative="TRUE" val="2000-09-20" mod="NA" />
<RTIMEX3 id="T8" start="1238" end="1258" text="postoperative day #2" type="DATE" relative="TRUE" val="2000-09-22" mod="NA" />
<RTIMEX3 id="T9" start="1353" end="1362" text="this time" type="DATE" relative="TRUE" val="2000-09-22" mod="NA" />
<RTIMEX3 id="T5" start="806" end="813" text="the day" type="DATE" relative="TRUE" val="2000-09-20" mod="NA" />
<ATIMEX3 id="T1" start="18" end="28" text="09/20/2000" type="DATE" val="2000-09-20" mod="NA" />
<ATIMEX3 id="T0" start="46" end="56" text="09/22/2000" type="DATE" val="2000-09-20" mod="NA" />
<ATIMEX3 id="T6" start="839" end="847" text="09/20/00" type="DATE" val="2000-09-20" mod="NA" />
<SECTIME id="S0" start="18" end="28" text="09/20/2000" type="ADMISSION" dvalue="2000-09-20" />
<SECTIME id="S1" start="46" end="56" text="09/22/2000" type="DISCHARGE" dvalue="2000-09-22" />
<ANCHORLINK id="AN0" fromID="T5" fromText="the day" toID="S0" toText="09/20/2000" relation="EQUAL" />
<ANCHORLINK id="AN1" fromID="T7" fromText="that time" toID="S0" toText="09/20/2000" relation="EQUAL" />
<ANCHORLINK id="AN2" fromID="T8" fromText="postoperative day #2" toID="S0" toText="09/20/2000" relation="AFTER" />
<ANCHORLINK id="AN3" fromID="T9" fromText="this time" toID="T8" toText="postoperative day #2" relation="EQUAL" />
</TAGS>
</RelativeTemporalAnnotation>