<?xml version="1.0" encoding="UTF-8" ?>
<RelativeTemporalAnnotation>
<TEXT><![CDATA[
ADMISSION DATE :
5-30-93
DISCHARGE DATE :
6-2-93
DISCHARGE DATE :
6-2-93
HISTORY OF PRESENT ILLNESS :
The patient is a 63 year old woman with a history of mixed adenocarcinoma and large cell carcinoma of the left upper lobe of the lung who is being admitted for Neoadjuvant chemotherapy with Cisplatinum , 5-FU and Velban .
Her history has been well documented in her previous notes .
Briefly , she was originally diagnosed in April 1993 with lung carcinoma .
Bronchoscopy and mediastinoscopy revealed an unresectable mediastinal tumor with the left tracheobronchial angle node positive for cancer , and the right paratracheal node positive for anthracosis .
Formal pathology revealed a poorly differentiated adenocarcinoma with focal giant cells .
Bone scan , head CT and other staging studies were all negative for evidence of metastatic disease .
The patient is being treated with preoperative neoadjuvant chemotherapy using 5 FU , Vinblastine , Cisplatinum and concomitant radiation therapy .
She is now admitted for her second course of that therapy .
HOSPITAL COURSE :
The patient was admitted to the Oncology Service on Founder &apos;s 7 and received intravenous chemotherapy with a 72 hour continuous infusion of 5-FU , Vinblastine on day 1 and day 3 , and Cisplatinum on day 1 .
She tolerated the chemotherapy well with mild nausea and vomiting .
She had mild increase in her hypertension during the hospitalization , likely secondary to fluid overload .
She also had some modest anemia , at the time of discharge her hematocrit was 30.9 .
Overall there were no unanticipated side effects of this chemotherapy .
Following her recovery from chemotherapy , she will proceed to surgical resection .
]]></TEXT>
<TAGS>
<RTIMEX3 id="T5" start="1244" end="1249" text="day 1" type="DATE" relative="TRUE" val="1993-05-30" mod="NA" />
<RTIMEX3 id="T6" start="1254" end="1259" text="day 3" type="DATE" relative="TRUE" val="1993-06-01" mod="NA" />
<RTIMEX3 id="T7" start="1281" end="1286" text="day 1" type="DATE" relative="TRUE" val="1993-05-30" mod="NA" />
<RTIMEX3 id="T8" start="1502" end="1510" text="the time" type="DATE" relative="TRUE" val="1993-06-02" mod="NA" />
<RTIMEX3 id="T4" start="428" end="438" text="April 1993" type="DATE" relative="FALSE" val="1993-04" mod="NA" />
<ATIMEX3 id="T1" start="18" end="25" text="5-30-93" type="DATE" val="1993-05-30" mod="NA" />
<ATIMEX3 id="T2" start="43" end="49" text="6-2-93" type="DATE" val="1993-06-02" mod="NA" />
<ATIMEX3 id="T3" start="67" end="73" text="6-2-93" type="DATE" val="1993-06-02" mod="NA" />
<ANCHORLINK id="AN0" fromID="T5" fromText="day 1" toID="T1" toText="5-30-93" relation="AFTER" />
<ANCHORLINK id="AN1" fromID="T6" fromText="day 3" toID="T1" toText="5-30-93" relation="AFTER" />
<ANCHORLINK id="AN2" fromID="T7" fromText="day 1" toID="T1" toText="5-30-93" relation="AFTER" />
<ANCHORLINK id="AN3" fromID="T8" fromText="the time" toID="T2" toText="6-2-93" relation="EQUAL" />
</TAGS>
</RelativeTemporalAnnotation>