<?xml version="1.0" encoding="UTF-8" ?>
<RelativeTemporalAnnotation>
<TEXT><![CDATA[
Admission Date :
07/04/1999
Discharge Date :
07/09/1999
Discharge Date :
07/09/1999
HISTORY OF THE PRESENT ILLNESS :
This is a 49 year-old male with a history of a low anterior resection in May of 1998 and a recurrence of metastasis with asleeve of section of left colon diverting ileostomy for recurrent metastasis later in May of 1999 who presents with anterior midepigastric abdominal pain .
The patient states that the pain began at 10:30 on the day of admission with increase during the day of admission with positive nausea and vomiting , no diarrhea , decreased output from the ostomy , and the pain was radiating to the back .
HOSPITAL COURSE :
Assessment was continued with laboratory studies which showed the patient to have a white blood cell count of 9 , hematocrit 39 , and platelets 470 .
The patient had a normal amylase and lipase , and a normal basic metabolic panel .
The patient had KUB that showed multiple dilated loops of small bowel and was admitted for a partial small bowel obstruction .
An nasogastric tube was placed and had an H2 blocker started , and was admitted for bowel rest and decompression .
The patient tolerated the nasogastric tube well .
The nasogastric tube was removed on hsp day # 3 .
The pain improved quickly and the patient was started on a clear liquid diet which was advanced as tolerated .
On 7/9/99 , the patient was tolerating a house diet .
The patient had some minimal back pain that occurred after food but with negative urinalysis and negative fever spikes over the entire course of this stay .
The patient will be discharged home on Zantac , Simethicone , and preoperative medications with follow-up with Dr. Ur in two weeks .
Dictated By :
NISTE BLOCKER , M.D. AQ36
Attending :
STIE FYFE , M.D. BW3 BL436/5666
Batch :
85114
Index No.
FNQXCX58 EM
D :
07/09/99
T :
07/09/99 HP8
]]></TEXT>
<TAGS>
<RTIMEX3 id="T7" start="1215" end="1226" text="hsp day # 3" type="DATE" relative="TRUE" val="1999-07-07" mod="NA" />
<RTIMEX3 id="T1" start="191" end="202" text="May of 1998" type="DATE" relative="FALSE" val="1998-05" mod="NA" />
<RTIMEX3 id="T2" start="326" end="337" text="May of 1999" type="DATE" relative="FALSE" val="1999-05" mod="NA" />
<RTIMEX3 id="T6" start="489" end="496" text="the day" type="DATE" relative="TRUE" val="1999-07-04" mod="NA" />
<ATIMEX3 id="T3" start="1343" end="1349" text="7/9/99" type="DATE" val="1999-07-09" mod="NA" />
<ATIMEX3 id="T0" start="18" end="28" text="07/04/1999" type="DATE" val="1999-07-04" mod="NA" />
<ATIMEX3 id="T5" start="438" end="454" text="10:30 on the day" type="TIME" val="1999-07-04T10:30" mod="NA" />
<ATIMEX3 id="T4" start="46" end="56" text="07/09/1999" type="DATE" val="1999-07-09" mod="NA" />
<SECTIME id="S0" start="18" end="28" text="07/04/1999" type="ADMISSION" dvalue="1999-07-04" />
<SECTIME id="S1" start="46" end="56" text="07/09/1999" type="DISCHARGE" dvalue="1999-07-09" />
<ANCHORLINK id="AN0" fromID="T6" fromText="the day" toID="S0" toText="07/04/1999" relation="EQUAL" />
<ANCHORLINK id="AN1" fromID="T7" fromText="hsp day # 3" toID="S0" toText="07/04/1999" relation="AFTER" />
</TAGS>
</RelativeTemporalAnnotation>