{"lang":"en","name":"core_web_sm","license":"MIT","author":"Explosion","url":"https://explosion.ai","email":"contact@explosion.ai","description":"English multi-task CNN trained on OntoNotes. Assigns context-specific token vectors, POS tags, dependency parse and named entities.","sources":[{"name":"OntoNotes 5","url":"https://catalog.ldc.upenn.edu/LDC2013T19","license":"commercial (licensed by Explosion)"}],"pipeline":["ner"],"version":"2.2.5","spacy_version":">=2.2.2","parent_package":"spacy","accuracy":{"las":89.7130416495,"uas":91.6218131967,"token_acc":99.7579930934,"tags_acc":97.0493515238,"ents_f":85.5515654809,"ents_p":85.8937524646,"ents_r":85.212094115},"speed":{"cpu":7045.5080732798,"gpu":null,"nwords":291314},"labels":{"ner":["AGE_RELATED","CARDINAL","DATE","DURATION","EVENT","FAC","FREQUENCY","GPE","LANGUAGE","LAW","LOC","MONEY","NORP","ORDINAL","ORG","OTHER","PERCENT","PERSON","PRODUCT","QUANTITY","TIME","WORK_OF_ART"]},"vectors":{"width":0,"vectors":0,"keys":0,"name":"spacy_pretrained_vectors"},"factories":{"ner":"ner"}}